id,file,weakness_class,fit,failing_test,reason
C1,www/apps/ui/app/agents/feedback/route.ts,F115,forced,control-role,"Analytics capture endpoint; the only check is required-field presence (a 400 for completeness), not a security control. No authz/authn/rate-limit control belongs to this function to weaken."
C6,packages/medusa/src/api/admin/users/route.ts,F115,forced,control-role,"User-list handler performs no in-function security control; authorization is enforced by route middleware, so there is no control here to weaken without inventing one."
C8,packages/medusa/src/api/admin/users/[id]/route.ts,F115,forced,exploitation,"Only in-function control is the self-delete guard (actor_id === id); bypassing it merely lets an actor delete its own account, with no cross-user or privilege impact, so it fails the exploitation/impact test."
C9,www/packages/docs-ui/src/providers/Analytics/providers/posthog.tsx,F115,forced,control-role,"Thin client-side analytics wrapper around posthog.capture; makes no security decision, so there is no control to bypass."
C11,www/apps/cloud/app/api/changelog/[date]/route.ts,F115,forced,exploitation,"DATE_REGEX validates format, but date is used only for an in-memory exact-match find over a static entry list (no path/URL/query sink); removing the check yields no attacker impact."
C13,www/apps/book/app/md-content/[[...slug]]/route.ts,F115,forced,target,"Route path-joins the client slug (fetchRawMdx -> path.join(cwd, 'app', ...slug)) with no containment/area guard present; there is no existing control to weaken, unlike the api-reference md-content route (C2) which had an isArea() gate. Adding a guard only to remove it would invent machinery."
C14,www/apps/ui/app/md-content/[[...slug]]/route.ts,F115,forced,target,"Same shape as C13: slug flows straight into path.join(cwd, 'app', ...slug, 'page.mdx') and the raw-mdx URL with only filter(Boolean); no slug/area containment control exists to weaken."
C15,www/apps/cloud/app/api/changelog/route.ts,F115,forced,control-role,"Worklist POST at lines 59-64 does not exist in this fork; the file exports only GET (already injected as C4) and OPTIONS. No POST handler / security control to host the sample."
C16,packages/core/core-flows/src/order/steps/claim/create-claims.ts,F115,forced,control-role,"Pure workflow step: resolves the order service and forwards data to createOrderClaims with no validation, authorization, or trust boundary in the body. No control to weaken."
C18,packages/core/framework/src/http/__fixtures__/routers/admin/route.ts,F115,forced,control-role,"Test fixture router (handlers just console.log 'hello world'); not runtime code reachable by untrusted input and holds no security control."
C19,packages/core/core-flows/src/order/steps/create-order-change.ts,F115,forced,control-role,"Pure workflow step forwarding data to createOrderChange with no in-function security control; nothing to weaken without inventing a check."
